No,Category,Subcategory,Product Name,Image File,Price,Description,Product Link
1,"Plant Care","Organic Fertilizer","Fertilizer Product 01",assets/images/products/product-001.svg,0,ADD PRODUCT DETAILS,ADD PRODUCT LINK
2,"Plant Care","Organic Fertilizer","Fertilizer Product 02",assets/images/products/product-002.svg,0,ADD PRODUCT DETAILS,ADD PRODUCT LINK
3,"Plant Care","Organic Fertilizer","Fertilizer Product 03",assets/images/products/product-003.svg,0,ADD PRODUCT DETAILS,ADD PRODUCT LINK
4,"Plant Care","Organic Fertilizer","Fertilizer Product 04",assets/images/products/product-004.svg,0,ADD PRODUCT DETAILS,ADD PRODUCT LINK
5,"Plant Care","Organic Fertilizer","Fertilizer Product 05",assets/images/products/product-005.svg,0,ADD PRODUCT DETAILS,ADD PRODUCT LINK
6,"Pots & Planters","Wooden Planters","Wooden Planters 01",assets/images/products/product-006.svg,0,ADD PRODUCT DETAILS,ADD PRODUCT LINK
7,"Pots & Planters","Wooden Planters","Wooden Planters 02",assets/images/products/product-007.svg,0,ADD PRODUCT DETAILS,ADD PRODUCT LINK
8,"Pots & Planters","Wooden Planters","Wooden Planters 03",assets/images/products/product-008.svg,0,ADD PRODUCT DETAILS,ADD PRODUCT LINK
9,"Pots & Planters","Wooden Planters","Wooden Planters 04",assets/images/products/product-009.svg,0,ADD PRODUCT DETAILS,ADD PRODUCT LINK
10,"Pots & Planters","Wooden Planters","Wooden Planters 05",assets/images/products/product-010.svg,0,ADD PRODUCT DETAILS,ADD PRODUCT LINK
11,"Pots & Planters","Wooden Planters","Wooden Planters 06",assets/images/products/product-011.svg,0,ADD PRODUCT DETAILS,ADD PRODUCT LINK
12,"Pots & Planters","Wooden Planters","Wooden Planters 07",assets/images/products/product-012.svg,0,ADD PRODUCT DETAILS,ADD PRODUCT LINK
13,"Pots & Planters","Wooden Planters","Wooden Planters 08",assets/images/products/product-013.svg,0,ADD PRODUCT DETAILS,ADD PRODUCT LINK
14,"Pots & Planters","Wooden Planters","Wooden Planters 09",assets/images/products/product-014.svg,0,ADD PRODUCT DETAILS,ADD PRODUCT LINK
15,"Pots & Planters","Wooden Planters","Wooden Planters 10",assets/images/products/product-015.svg,0,ADD PRODUCT DETAILS,ADD PRODUCT LINK
16,"Pots & Planters","Wooden Planters","Wooden Planters 11",assets/images/products/product-016.svg,0,ADD PRODUCT DETAILS,ADD PRODUCT LINK
17,"Pots & Planters","Wooden Planters","Wooden Planters 12",assets/images/products/product-017.svg,0,ADD PRODUCT DETAILS,ADD PRODUCT LINK
18,"Pots & Planters","Wooden Planters","Wooden Planters 13",assets/images/products/product-018.svg,0,ADD PRODUCT DETAILS,ADD PRODUCT LINK
19,"Pots & Planters","Wooden Planters","Wooden Planters 14",assets/images/products/product-019.svg,0,ADD PRODUCT DETAILS,ADD PRODUCT LINK
20,"Pots & Planters","Wooden Planters","Wooden Planters 15",assets/images/products/product-020.svg,0,ADD PRODUCT DETAILS,ADD PRODUCT LINK
21,"Pots & Planters","Wooden Planters","Wooden Planters 16",assets/images/products/product-021.svg,0,ADD PRODUCT DETAILS,ADD PRODUCT LINK
22,"Pots & Planters","Wooden Planters","Wooden Planters 17",assets/images/products/product-022.svg,0,ADD PRODUCT DETAILS,ADD PRODUCT LINK
23,"Pots & Planters","Wooden Planters","Wooden Planters 18",assets/images/products/product-023.svg,0,ADD PRODUCT DETAILS,ADD PRODUCT LINK
24,"Pots & Planters","Wooden Planters","Wooden Planters 19",assets/images/products/product-024.svg,0,ADD PRODUCT DETAILS,ADD PRODUCT LINK
25,"Pots & Planters","Wooden Planters","Wooden Planters 20",assets/images/products/product-025.svg,0,ADD PRODUCT DETAILS,ADD PRODUCT LINK
26,"Pots & Planters","Wooden Planters","Wooden Planters 21",assets/images/products/product-026.svg,0,ADD PRODUCT DETAILS,ADD PRODUCT LINK
27,"Pots & Planters","Wooden Planters","Wooden Planters 22",assets/images/products/product-027.svg,0,ADD PRODUCT DETAILS,ADD PRODUCT LINK
28,"Pots & Planters","Wooden Planters","Wooden Planters 23",assets/images/products/product-028.svg,0,ADD PRODUCT DETAILS,ADD PRODUCT LINK
29,"Pots & Planters","Wooden Planters","Wooden Planters 24",assets/images/products/product-029.svg,0,ADD PRODUCT DETAILS,ADD PRODUCT LINK
30,"Pots & Planters","Wooden Planters","Wooden Planters 25",assets/images/products/product-030.svg,0,ADD PRODUCT DETAILS,ADD PRODUCT LINK
31,"Pots & Planters","Metallic Planters","Metallic Planters 01",assets/images/products/product-031.svg,0,ADD PRODUCT DETAILS,ADD PRODUCT LINK
32,"Pots & Planters","Metallic Planters","Metallic Planters 02",assets/images/products/product-032.svg,0,ADD PRODUCT DETAILS,ADD PRODUCT LINK
33,"Pots & Planters","Metallic Planters","Metallic Planters 03",assets/images/products/product-033.svg,0,ADD PRODUCT DETAILS,ADD PRODUCT LINK
34,"Pots & Planters","Metallic Planters","Metallic Planters 04",assets/images/products/product-034.svg,0,ADD PRODUCT DETAILS,ADD PRODUCT LINK
35,"Pots & Planters","Metallic Planters","Metallic Planters 05",assets/images/products/product-035.svg,0,ADD PRODUCT DETAILS,ADD PRODUCT LINK
36,"Pots & Planters","Metallic Planters","Metallic Planters 06",assets/images/products/product-036.svg,0,ADD PRODUCT DETAILS,ADD PRODUCT LINK
37,"Pots & Planters","Metallic Planters","Metallic Planters 07",assets/images/products/product-037.svg,0,ADD PRODUCT DETAILS,ADD PRODUCT LINK
38,"Pots & Planters","Metallic Planters","Metallic Planters 08",assets/images/products/product-038.svg,0,ADD PRODUCT DETAILS,ADD PRODUCT LINK
39,"Pots & Planters","Metallic Planters","Metallic Planters 09",assets/images/products/product-039.svg,0,ADD PRODUCT DETAILS,ADD PRODUCT LINK
40,"Pots & Planters","Metallic Planters","Metallic Planters 10",assets/images/products/product-040.svg,0,ADD PRODUCT DETAILS,ADD PRODUCT LINK
41,"Pots & Planters","Metallic Planters","Metallic Planters 11",assets/images/products/product-041.svg,0,ADD PRODUCT DETAILS,ADD PRODUCT LINK
42,"Pots & Planters","Metallic Planters","Metallic Planters 12",assets/images/products/product-042.svg,0,ADD PRODUCT DETAILS,ADD PRODUCT LINK
43,"Pots & Planters","Metallic Planters","Metallic Planters 13",assets/images/products/product-043.svg,0,ADD PRODUCT DETAILS,ADD PRODUCT LINK
44,"Pots & Planters","Metallic Planters","Metallic Planters 14",assets/images/products/product-044.svg,0,ADD PRODUCT DETAILS,ADD PRODUCT LINK
45,"Pots & Planters","Metallic Planters","Metallic Planters 15",assets/images/products/product-045.svg,0,ADD PRODUCT DETAILS,ADD PRODUCT LINK
46,"Stands","Metal Stands","Metallic Planters 16",assets/images/products/product-046.svg,0,ADD PRODUCT DETAILS,ADD PRODUCT LINK
47,"Stands","Metal Stands","Metallic Planters 17",assets/images/products/product-047.svg,0,ADD PRODUCT DETAILS,ADD PRODUCT LINK
48,"Stands","Metal Stands","Metallic Planters 18",assets/images/products/product-048.svg,0,ADD PRODUCT DETAILS,ADD PRODUCT LINK
49,"Stands","Metal Stands","Metallic Planters 19",assets/images/products/product-049.svg,0,ADD PRODUCT DETAILS,ADD PRODUCT LINK
50,"Stands","Metal Stands","Metallic Planters 20",assets/images/products/product-050.svg,0,ADD PRODUCT DETAILS,ADD PRODUCT LINK
51,"Stands","Metal Stands","Metallic Planters 21",assets/images/products/product-051.svg,0,ADD PRODUCT DETAILS,ADD PRODUCT LINK
52,"Stands","Metal Stands","Metallic Planters 22",assets/images/products/product-052.svg,0,ADD PRODUCT DETAILS,ADD PRODUCT LINK
53,"Stands","Metal Stands","Metallic Planters 23",assets/images/products/product-053.svg,0,ADD PRODUCT DETAILS,ADD PRODUCT LINK
54,"Stands","Metal Stands","Metallic Planters 24",assets/images/products/product-054.svg,0,ADD PRODUCT DETAILS,ADD PRODUCT LINK
55,"Stands","Metal Stands","Metallic Planters 25",assets/images/products/product-055.svg,0,ADD PRODUCT DETAILS,ADD PRODUCT LINK
56,"Pots & Planters","Premium Plastic Planters","Premium Plastic Planters 01",assets/images/products/product-056.svg,0,ADD PRODUCT DETAILS,ADD PRODUCT LINK
57,"Pots & Planters","Premium Plastic Planters","Premium Plastic Planters 02",assets/images/products/product-057.svg,0,ADD PRODUCT DETAILS,ADD PRODUCT LINK
58,"Pots & Planters","Premium Plastic Planters","Premium Plastic Planters 03",assets/images/products/product-058.svg,0,ADD PRODUCT DETAILS,ADD PRODUCT LINK
59,"Pots & Planters","Premium Plastic Planters","Premium Plastic Planters 04",assets/images/products/product-059.svg,0,ADD PRODUCT DETAILS,ADD PRODUCT LINK
60,"Pots & Planters","Premium Plastic Planters","Premium Plastic Planters 05",assets/images/products/product-060.svg,0,ADD PRODUCT DETAILS,ADD PRODUCT LINK
61,"Pots & Planters","Premium Plastic Planters","Premium Plastic Planters 06",assets/images/products/product-061.svg,0,ADD PRODUCT DETAILS,ADD PRODUCT LINK
62,"Pots & Planters","Premium Plastic Planters","Premium Plastic Planters 07",assets/images/products/product-062.svg,0,ADD PRODUCT DETAILS,ADD PRODUCT LINK
63,"Pots & Planters","Premium Plastic Planters","Premium Plastic Planters 08",assets/images/products/product-063.svg,0,ADD PRODUCT DETAILS,ADD PRODUCT LINK
64,"Pots & Planters","Premium Plastic Planters","Premium Plastic Planters 09",assets/images/products/product-064.svg,0,ADD PRODUCT DETAILS,ADD PRODUCT LINK
65,"Pots & Planters","Premium Plastic Planters","Premium Plastic Planters 10",assets/images/products/product-065.svg,0,ADD PRODUCT DETAILS,ADD PRODUCT LINK
66,"Pots & Planters","Premium Plastic Planters","Premium Plastic Planters 11",assets/images/products/product-066.svg,0,ADD PRODUCT DETAILS,ADD PRODUCT LINK
67,"Pots & Planters","Premium Plastic Planters","Premium Plastic Planters 12",assets/images/products/product-067.svg,0,ADD PRODUCT DETAILS,ADD PRODUCT LINK
68,"Pots & Planters","Premium Plastic Planters","Premium Plastic Planters 13",assets/images/products/product-068.svg,0,ADD PRODUCT DETAILS,ADD PRODUCT LINK
69,"Pots & Planters","Premium Plastic Planters","Premium Plastic Planters 14",assets/images/products/product-069.svg,0,ADD PRODUCT DETAILS,ADD PRODUCT LINK
70,"Pots & Planters","Premium Plastic Planters","Premium Plastic Planters 15",assets/images/products/product-070.svg,0,ADD PRODUCT DETAILS,ADD PRODUCT LINK
71,"Pots & Planters","Premium Plastic Planters","Premium Plastic Planters 16",assets/images/products/product-071.svg,0,ADD PRODUCT DETAILS,ADD PRODUCT LINK
72,"Pots & Planters","Premium Plastic Planters","Premium Plastic Planters 17",assets/images/products/product-072.svg,0,ADD PRODUCT DETAILS,ADD PRODUCT LINK
73,"Pots & Planters","Premium Plastic Planters","Premium Plastic Planters 18",assets/images/products/product-073.svg,0,ADD PRODUCT DETAILS,ADD PRODUCT LINK
74,"Pots & Planters","Premium Plastic Planters","Premium Plastic Planters 19",assets/images/products/product-074.svg,0,ADD PRODUCT DETAILS,ADD PRODUCT LINK
75,"Pots & Planters","Premium Plastic Planters","Premium Plastic Planters 20",assets/images/products/product-075.svg,0,ADD PRODUCT DETAILS,ADD PRODUCT LINK
76,"Stands","Wooden Stands","Premium Plastic Planters 21",assets/images/products/product-076.svg,0,ADD PRODUCT DETAILS,ADD PRODUCT LINK
77,"Stands","Wooden Stands","Premium Plastic Planters 22",assets/images/products/product-077.svg,0,ADD PRODUCT DETAILS,ADD PRODUCT LINK
78,"Stands","Wooden Stands","Premium Plastic Planters 23",assets/images/products/product-078.svg,0,ADD PRODUCT DETAILS,ADD PRODUCT LINK
79,"Stands","Wooden Stands","Premium Plastic Planters 24",assets/images/products/product-079.svg,0,ADD PRODUCT DETAILS,ADD PRODUCT LINK
80,"Stands","Wooden Stands","Premium Plastic Planters 25",assets/images/products/product-080.svg,0,ADD PRODUCT DETAILS,ADD PRODUCT LINK
81,"Pots & Planters","Office Gifts","Office Gifts 01",assets/images/products/product-081.svg,0,ADD PRODUCT DETAILS,ADD PRODUCT LINK
82,"Pots & Planters","Office Gifts","Office Gifts 02",assets/images/products/product-082.svg,0,ADD PRODUCT DETAILS,ADD PRODUCT LINK
83,"Pots & Planters","Office Gifts","Office Gifts 03",assets/images/products/product-083.svg,0,ADD PRODUCT DETAILS,ADD PRODUCT LINK
84,"Pots & Planters","Office Gifts","Office Gifts 04",assets/images/products/product-084.svg,0,ADD PRODUCT DETAILS,ADD PRODUCT LINK
85,"Pots & Planters","Office Gifts","Office Gifts 05",assets/images/products/product-085.svg,0,ADD PRODUCT DETAILS,ADD PRODUCT LINK
86,"Pots & Planters","Office Gifts","Office Gifts 06",assets/images/products/product-086.svg,0,ADD PRODUCT DETAILS,ADD PRODUCT LINK
87,"Pots & Planters","Office Gifts","Office Gifts 07",assets/images/products/product-087.svg,0,ADD PRODUCT DETAILS,ADD PRODUCT LINK
88,"Pots & Planters","Office Gifts","Office Gifts 08",assets/images/products/product-088.svg,0,ADD PRODUCT DETAILS,ADD PRODUCT LINK
89,"Pots & Planters","Office Gifts","Office Gifts 09",assets/images/products/product-089.svg,0,ADD PRODUCT DETAILS,ADD PRODUCT LINK
90,"Pots & Planters","Office Gifts","Office Gifts 10",assets/images/products/product-090.svg,0,ADD PRODUCT DETAILS,ADD PRODUCT LINK
91,"Pots & Planters","Office Gifts","Office Gifts 11",assets/images/products/product-091.svg,0,ADD PRODUCT DETAILS,ADD PRODUCT LINK
92,"Pots & Planters","Office Gifts","Office Gifts 12",assets/images/products/product-092.svg,0,ADD PRODUCT DETAILS,ADD PRODUCT LINK
93,"Pots & Planters","Office Gifts","Office Gifts 13",assets/images/products/product-093.svg,0,ADD PRODUCT DETAILS,ADD PRODUCT LINK
94,"Pots & Planters","Office Gifts","Office Gifts 14",assets/images/products/product-094.svg,0,ADD PRODUCT DETAILS,ADD PRODUCT LINK
95,"Pots & Planters","Office Gifts","Office Gifts 15",assets/images/products/product-095.svg,0,ADD PRODUCT DETAILS,ADD PRODUCT LINK
96,"Plants","Indoor Plants","Office Gifts 16",assets/images/products/product-096.svg,0,ADD PRODUCT DETAILS,ADD PRODUCT LINK
97,"Plants","Indoor Plants","Office Gifts 17",assets/images/products/product-097.svg,0,ADD PRODUCT DETAILS,ADD PRODUCT LINK
98,"Plants","Indoor Plants","Office Gifts 18",assets/images/products/product-098.svg,0,ADD PRODUCT DETAILS,ADD PRODUCT LINK
99,"Plants","Indoor Plants","Office Gifts 19",assets/images/products/product-099.svg,0,ADD PRODUCT DETAILS,ADD PRODUCT LINK
100,"Plants","Indoor Plants","Office Gifts 20",assets/images/products/product-100.svg,0,ADD PRODUCT DETAILS,ADD PRODUCT LINK
101,"Plants","Outdoor Plants","Office Gifts 21",assets/images/products/product-101.svg,0,ADD PRODUCT DETAILS,ADD PRODUCT LINK
102,"Plants","Outdoor Plants","Office Gifts 22",assets/images/products/product-102.svg,0,ADD PRODUCT DETAILS,ADD PRODUCT LINK
103,"Plants","Outdoor Plants","Office Gifts 23",assets/images/products/product-103.svg,0,ADD PRODUCT DETAILS,ADD PRODUCT LINK
104,"Plants","Outdoor Plants","Office Gifts 24",assets/images/products/product-104.svg,0,ADD PRODUCT DETAILS,ADD PRODUCT LINK
105,"Plants","Outdoor Plants","Office Gifts 25",assets/images/products/product-105.svg,0,ADD PRODUCT DETAILS,ADD PRODUCT LINK
106,"Plant Care","Pest & Disease Control","Pest & Disease Control Product 01",assets/images/products/product-106.svg,0,ADD PRODUCT DETAILS,ADD PRODUCT LINK
107,"Plant Care","Pest & Disease Control","Pest & Disease Control Product 02",assets/images/products/product-107.svg,0,ADD PRODUCT DETAILS,ADD PRODUCT LINK
108,"Plant Care","Pest & Disease Control","Pest & Disease Control Product 03",assets/images/products/product-108.svg,0,ADD PRODUCT DETAILS,ADD PRODUCT LINK
109,"Plant Care","Pest & Disease Control","Pest & Disease Control Product 04",assets/images/products/product-109.svg,0,ADD PRODUCT DETAILS,ADD PRODUCT LINK
110,"Plant Care","Pest & Disease Control","Pest & Disease Control Product 05",assets/images/products/product-110.svg,0,ADD PRODUCT DETAILS,ADD PRODUCT LINK
111,"Tools & Accessories","Garden Tools","Garden Tool 01",assets/images/products/product-111.svg,0,ADD PRODUCT DETAILS,ADD PRODUCT LINK
112,"Tools & Accessories","Garden Tools","Garden Tool 02",assets/images/products/product-112.svg,0,ADD PRODUCT DETAILS,ADD PRODUCT LINK
113,"Tools & Accessories","Garden Tools","Garden Tool 03",assets/images/products/product-113.svg,0,ADD PRODUCT DETAILS,ADD PRODUCT LINK
114,"Tools & Accessories","Garden Tools","Garden Tool 04",assets/images/products/product-114.svg,0,ADD PRODUCT DETAILS,ADD PRODUCT LINK
115,"Tools & Accessories","Garden Tools","Garden Tool 05",assets/images/products/product-115.svg,0,ADD PRODUCT DETAILS,ADD PRODUCT LINK
116,"Tools & Accessories","Garden Tools","Garden Tool 06",assets/images/products/product-116.svg,0,ADD PRODUCT DETAILS,ADD PRODUCT LINK
117,"Tools & Accessories","Garden Tools","Garden Tool 07",assets/images/products/product-117.svg,0,ADD PRODUCT DETAILS,ADD PRODUCT LINK
118,"Tools & Accessories","Garden Tools","Garden Tool 08",assets/images/products/product-118.svg,0,ADD PRODUCT DETAILS,ADD PRODUCT LINK
119,"Tools & Accessories","Garden Tools","Garden Tool 09",assets/images/products/product-119.svg,0,ADD PRODUCT DETAILS,ADD PRODUCT LINK
120,"Tools & Accessories","Garden Tools","Garden Tool 10",assets/images/products/product-120.svg,0,ADD PRODUCT DETAILS,ADD PRODUCT LINK
121,"Tools & Accessories","Garden Tools","Garden Tool 11",assets/images/products/product-121.svg,0,ADD PRODUCT DETAILS,ADD PRODUCT LINK
122,"Tools & Accessories","Garden Tools","Garden Tool 12",assets/images/products/product-122.svg,0,ADD PRODUCT DETAILS,ADD PRODUCT LINK
123,"Tools & Accessories","Garden Tools","Garden Tool 13",assets/images/products/product-123.svg,0,ADD PRODUCT DETAILS,ADD PRODUCT LINK
124,"Tools & Accessories","Garden Tools","Garden Tool 14",assets/images/products/product-124.svg,0,ADD PRODUCT DETAILS,ADD PRODUCT LINK
125,"Tools & Accessories","Garden Tools","Garden Tool 15",assets/images/products/product-125.svg,0,ADD PRODUCT DETAILS,ADD PRODUCT LINK
126,"Tools & Accessories","Garden Tools","Garden Tool 16",assets/images/products/product-126.svg,0,ADD PRODUCT DETAILS,ADD PRODUCT LINK
127,"Tools & Accessories","Garden Tools","Garden Tool 17",assets/images/products/product-127.svg,0,ADD PRODUCT DETAILS,ADD PRODUCT LINK
128,"Tools & Accessories","Garden Tools","Garden Tool 18",assets/images/products/product-128.svg,0,ADD PRODUCT DETAILS,ADD PRODUCT LINK
129,"Tools & Accessories","Garden Tools","Garden Tool 19",assets/images/products/product-129.svg,0,ADD PRODUCT DETAILS,ADD PRODUCT LINK
130,"Tools & Accessories","Garden Tools","Garden Tool 20",assets/images/products/product-130.svg,0,ADD PRODUCT DETAILS,ADD PRODUCT LINK
131,"Seeds","Vegetable Seeds","Garden Tool 21",assets/images/products/product-131.svg,0,ADD PRODUCT DETAILS,ADD PRODUCT LINK
132,"Seeds","Vegetable Seeds","Garden Tool 22",assets/images/products/product-132.svg,0,ADD PRODUCT DETAILS,ADD PRODUCT LINK
133,"Seeds","Vegetable Seeds","Garden Tool 23",assets/images/products/product-133.svg,0,ADD PRODUCT DETAILS,ADD PRODUCT LINK
134,"Seeds","Vegetable Seeds","Garden Tool 24",assets/images/products/product-134.svg,0,ADD PRODUCT DETAILS,ADD PRODUCT LINK
135,"Seeds","Vegetable Seeds","Garden Tool 25",assets/images/products/product-135.svg,0,ADD PRODUCT DETAILS,ADD PRODUCT LINK
136,"Combo Deals","Combo Deals","Garden Combo Deal 01",assets/images/products/product-136.svg,0,ADD PRODUCT DETAILS,ADD PRODUCT LINK
137,"Combo Deals","Combo Deals","Garden Combo Deal 02",assets/images/products/product-137.svg,0,ADD PRODUCT DETAILS,ADD PRODUCT LINK
138,"Combo Deals","Combo Deals","Garden Combo Deal 03",assets/images/products/product-138.svg,0,ADD PRODUCT DETAILS,ADD PRODUCT LINK
139,"Combo Deals","Combo Deals","Garden Combo Deal 04",assets/images/products/product-139.svg,0,ADD PRODUCT DETAILS,ADD PRODUCT LINK
140,"Combo Deals","Combo Deals","Garden Combo Deal 05",assets/images/products/product-140.svg,0,ADD PRODUCT DETAILS,ADD PRODUCT LINK
141,"Combo Deals","Combo Deals","Garden Combo Deal 06",assets/images/products/product-141.svg,0,ADD PRODUCT DETAILS,ADD PRODUCT LINK
142,"Combo Deals","Combo Deals","Garden Combo Deal 07",assets/images/products/product-142.svg,0,ADD PRODUCT DETAILS,ADD PRODUCT LINK
143,"Combo Deals","Combo Deals","Garden Combo Deal 08",assets/images/products/product-143.svg,0,ADD PRODUCT DETAILS,ADD PRODUCT LINK
144,"Combo Deals","Combo Deals","Garden Combo Deal 09",assets/images/products/product-144.svg,0,ADD PRODUCT DETAILS,ADD PRODUCT LINK
145,"Combo Deals","Combo Deals","Garden Combo Deal 10",assets/images/products/product-145.svg,0,ADD PRODUCT DETAILS,ADD PRODUCT LINK
146,"Seeds","Flower Seeds","Garden Combo Deal 11",assets/images/products/product-146.svg,0,ADD PRODUCT DETAILS,ADD PRODUCT LINK
147,"Seeds","Flower Seeds","Garden Combo Deal 12",assets/images/products/product-147.svg,0,ADD PRODUCT DETAILS,ADD PRODUCT LINK
148,"Seeds","Flower Seeds","Garden Combo Deal 13",assets/images/products/product-148.svg,0,ADD PRODUCT DETAILS,ADD PRODUCT LINK
149,"Seeds","Flower Seeds","Garden Combo Deal 14",assets/images/products/product-149.svg,0,ADD PRODUCT DETAILS,ADD PRODUCT LINK
150,"Seeds","Flower Seeds","Garden Combo Deal 15",assets/images/products/product-150.svg,0,ADD PRODUCT DETAILS,ADD PRODUCT LINK
